insert into oficina (ciudad, pais, region, codigo_postal, telefono, direccion) values ('Loujiadian', 'China', 'US-OK', null, '110-227-3711', '3383 Schlimgen Alley');
insert into oficina (ciudad, pais, region, codigo_postal, telefono, direccion) values ('Vitoria-Gasteiz', 'Spain', 'HU-BA', '01080', '784-501-9232', '4 Eagan Place');
insert into oficina (ciudad, pais, region, codigo_postal, telefono, direccion) values ('Harjavalta', 'Finland', 'SE-E', '29201', '482-845-7422', '47 Del Mar Junction');
insert into oficina (ciudad, pais, region, codigo_postal, telefono, direccion) values ('Pengdian', 'China', 'JP-06', null, '435-810-4422', '386 Anhalt Alley');
insert into oficina (ciudad, pais, region, codigo_postal, telefono, direccion) values ('Ralevka', 'Ukraine', 'US-OH', null, '591-210-9053', '0 Hintze Way');
insert into oficina (ciudad, pais, region, codigo_postal, telefono, direccion) values ('Tolomango', 'Indonesia', 'FJ-W', null, '105-266-1484', '28979 Larry Crossing');
insert into oficina (ciudad, pais, region, codigo_postal, telefono, direccion) values ('Sung Noen', 'Thailand', 'PK-PB', '30170', '311-210-1691', '39 Lerdahl Parkway');
insert into oficina (ciudad, pais, region, codigo_postal, telefono, direccion) values ('Içara', 'Brazil', 'MX-BCN', '88820-000', '664-495-6200', '87 Goodland Center');
insert into oficina (ciudad, pais, region, codigo_postal, telefono, direccion) values ('Banisilan', 'Philippines', 'SA-14', '9416', '420-649-1599', '665 Bluestem Avenue');
insert into oficina (ciudad, pais, region, codigo_postal, telefono, direccion) values ('Osieck', 'Poland', 'AU-QLD', '08-445', '625-536-3782', '12 Harbort Lane');
insert into oficina (ciudad, pais, region, codigo_postal, telefono, direccion) values ('Isawa', 'Japan', 'VE-S', '787-0150', '494-752-9028', '4687 Debs Way');
insert into oficina (ciudad, pais, region, codigo_postal, telefono, direccion) values ('Spasskoye-Lutovinovo', 'Russia', 'CG-8', '303002', '223-340-2460', '07641 Ronald Regan Circle');
insert into oficina (ciudad, pais, region, codigo_postal, telefono, direccion) values ('Skrzyszów', 'Poland', 'ID-NB', '44-348', '624-465-8234', '05 Union Park');
insert into oficina (ciudad, pais, region, codigo_postal, telefono, direccion) values ('Kachkanar', 'Russia', 'US-RI', '624357', '253-433-2496', '588 American Place');
insert into oficina (ciudad, pais, region, codigo_postal, telefono, direccion) values ('Oja', 'Indonesia', 'CI-04', null, '337-266-6869', '0192 Springs Court');
insert into oficina (ciudad, pais, region, codigo_postal, telefono, direccion) values ('Sendai', 'Japan', 'LK-3', '939-1351', '887-198-7750', '21310 Kings Avenue');
insert into oficina (ciudad, pais, region, codigo_postal, telefono, direccion) values ('Komi', 'Indonesia', 'CG-2', null, '889-825-4621', '8 6th Circle');
insert into oficina (ciudad, pais, region, codigo_postal, telefono, direccion) values ('Datun', 'China', 'US-SD', null, '371-351-9173', '6 Gerald Pass');
insert into oficina (ciudad, pais, region, codigo_postal, telefono, direccion) values ('Bourail', 'New Caledonia', 'JP-47', '98870', '264-166-9981', '36277 Rowland Avenue');
insert into oficina (ciudad, pais, region, codigo_postal, telefono, direccion) values ('Qīr Moāv', 'Jordan', 'BR-SP', null, '239-106-4634', '6526 Stoughton Trail');

SELECT * FROM oficina;

insert into jefe (nombre, apellido, apellido2, telefono) values ('Sallee', 'Tunstall', 'Blaza', '794-176-9329');
insert into jefe (nombre, apellido, apellido2, telefono) values ('Ericha', 'Hounsham', 'Bourthouloume', '350-435-7997');
insert into jefe (nombre, apellido, apellido2, telefono) values ('Yelena', 'Allder', 'Parnall', '495-975-7422');
insert into jefe (nombre, apellido, apellido2, telefono) values ('Alden', 'Kelk', 'Mathen', '870-243-3381');
insert into jefe (nombre, apellido, apellido2, telefono) values ('Rosene', 'Barefoot', 'Rodell', '459-949-2041');
insert into jefe (nombre, apellido, apellido2, telefono) values ('Bancroft', 'Ebourne', 'Lamboll', '801-984-4725');
insert into jefe (nombre, apellido, apellido2, telefono) values ('Vevay', 'Dowdam', 'Scarratt', '580-195-5455');
insert into jefe (nombre, apellido, apellido2, telefono) values ('Lezlie', 'Atterley', 'Hekkert', '854-713-7670');
insert into jefe (nombre, apellido, apellido2, telefono) values ('Roderich', 'Jiruch', 'Farthin', '732-726-3332');
insert into jefe (nombre, apellido, apellido2, telefono) values ('August', 'Sawforde', 'Verheyden', '809-310-0305');
insert into jefe (nombre, apellido, apellido2, telefono) values ('Maddalena', 'Gawke', 'Lakeman', '172-805-7709');
insert into jefe (nombre, apellido, apellido2, telefono) values ('Tildie', 'Druett', 'Maren', '673-770-2974');
insert into jefe (nombre, apellido, apellido2, telefono) values ('Barnett', 'Lief', 'Tirrell', '625-861-5482');
insert into jefe (nombre, apellido, apellido2, telefono) values ('Ara', 'Ernke', 'Gonthier', '716-742-9966');
insert into jefe (nombre, apellido, apellido2, telefono) values ('Hyatt', 'Threlfall', 'Aisbett', '486-101-0116');
insert into jefe (nombre, apellido, apellido2, telefono) values ('Red', 'Wylie', 'Chastelain', '777-617-6411');
insert into jefe (nombre, apellido, apellido2, telefono) values ('Wendall', 'Eliasen', 'Janny', '728-373-4314');
insert into jefe (nombre, apellido, apellido2, telefono) values ('Portie', 'Drynan', 'Unwin', '101-215-5597');
insert into jefe (nombre, apellido, apellido2, telefono) values ('Kris', 'Leopold', 'MacKartan', '425-884-4247');
insert into jefe (nombre, apellido, apellido2, telefono) values ('Kahlil', 'Odde', 'Jefferd', '393-564-7751');

SELECT * FROM jefe;

insert into empleado (nombre, apellido1, apellido2, extension, email, id_oficina, id_jefe, puesto) values ('Jared', 'Blaze', 'Powlett', '(155) 7091507', 'jpowlett0@nhs.uk', 1, 1, 'Project Manager');
insert into empleado (nombre, apellido1, apellido2, extension, email, id_oficina, id_jefe, puesto) values ('Natalee', 'Goddard', 'Skeene', '(418) 4527564', 'nskeene1@wunderground.com', 2, 2, 'Construction Manager');
insert into empleado (nombre, apellido1, apellido2, extension, email, id_oficina, id_jefe, puesto) values ('Elaine', 'Frowing', 'Howley', '(464) 8959672', 'ehowley2@amazon.co.jp', 3, 3, 'Engineer');
insert into empleado (nombre, apellido1, apellido2, extension, email, id_oficina, id_jefe, puesto) values ('Robinett', 'Jozwicki', 'Louthe', '(410) 8270593', 'rlouthe3@chron.com', 4, 4, 'Supervisor');
insert into empleado (nombre, apellido1, apellido2, extension, email, id_oficina, id_jefe, puesto) values ('Lamar', 'Conechie', 'Colin', '(951) 5215615', 'lcolin4@tinypic.com', 5, 5, 'Subcontractor');
insert into empleado (nombre, apellido1, apellido2, extension, email, id_oficina, id_jefe, puesto) values ('Pet', 'Daldry', 'Shevels', '(452) 7999471', 'pshevels5@bloomberg.com', 6, 6, 'Estimator');
insert into empleado (nombre, apellido1, apellido2, extension, email, id_oficina, id_jefe, puesto) values ('Rodi', 'De Meis', 'Cowden', '(509) 7881098', 'rcowden6@wix.com', 7, 7, 'Surveyor');
insert into empleado (nombre, apellido1, apellido2, extension, email, id_oficina, id_jefe, puesto) values ('Rikki', 'Leadstone', 'Gerhartz', '(253) 4662911', 'rgerhartz7@icq.com', 8, 8, 'Electrician');
insert into empleado (nombre, apellido1, apellido2, extension, email, id_oficina, id_jefe, puesto) values ('Gerrie', 'Danat', 'Ivancevic', '(191) 5843353', 'givancevic8@examiner.com', 9, 9, 'Estimator');
insert into empleado (nombre, apellido1, apellido2, extension, email, id_oficina, id_jefe, puesto) values ('Jacques', 'Cogle', 'Penbarthy', '(865) 7882113', 'jpenbarthy9@engadget.com', 10, 10, 'Architect');
insert into empleado (nombre, apellido1, apellido2, extension, email, id_oficina, id_jefe, puesto) values ('Barbe', 'Oguz', 'Eronie', '(843) 9048605', 'beroniea@reuters.com', 11, 11, 'Supervisor');
insert into empleado (nombre, apellido1, apellido2, extension, email, id_oficina, id_jefe, puesto) values ('Daile', 'Leneve', 'Eastmead', '(933) 5240127', 'deastmeadb@senate.gov', 12, 12, 'Construction Manager');
insert into empleado (nombre, apellido1, apellido2, extension, email, id_oficina, id_jefe, puesto) values ('Brynna', 'Elcoate', 'Mordin', '(436) 6402620', 'bmordinc@nasa.gov', 13, 13, 'Project Manager');
insert into empleado (nombre, apellido1, apellido2, extension, email, id_oficina, id_jefe, puesto) values ('Agna', 'Dicty', 'Clues', '(583) 1455503', 'acluesd@ftc.gov', 14, 14, 'Electrician');
insert into empleado (nombre, apellido1, apellido2, extension, email, id_oficina, id_jefe, puesto) values ('Melvyn', 'Curness', 'Vasilov', '(856) 5009444', 'mvasilove@google.pl', 15, 15, 'Project Manager');
insert into empleado (nombre, apellido1, apellido2, extension, email, id_oficina, id_jefe, puesto) values ('Aile', 'Carle', 'Meir', '(740) 4565286', 'ameirf@typepad.com', 16, 16, 'Surveyor');
insert into empleado (nombre, apellido1, apellido2, extension, email, id_oficina, id_jefe, puesto) values ('Lin', 'Sephton', 'Lorenc', '(690) 4110367', 'llorencg@google.fr', 17, 17, 'Construction Expeditor');
insert into empleado (nombre, apellido1, apellido2, extension, email, id_oficina, id_jefe, puesto) values ('Frank', 'Sentinella', 'Ingley', '(812) 8610472', 'fingleyh@hhs.gov', 18, 18, 'Project Manager');
insert into empleado (nombre, apellido1, apellido2, extension, email, id_oficina, id_jefe, puesto) values ('Cathyleen', 'Priddis', 'Goter', '(558) 2582150', 'cgoteri@archive.org', 19, 19, 'Construction Foreman');
insert into empleado (nombre, apellido1, apellido2, extension, email, id_oficina, id_jefe, puesto) values ('Marie', 'Saill', 'Crucetti', '(997) 7033672', 'mcrucettij@is.gd', 20, 20, 'Subcontractor');
insert into empleado (nombre, apellido1, apellido2, extension, email, id_oficina, id_jefe, puesto) values ('Mario', 'Barracus', 'Gomez', '(690) 3434534543', 'mario@google.fr', 17, 17, 'Construction Expeditor');

SELECT * FROM EMPLEADO;

insert into cliente (nombre_cliente, nombre_contacto, apellido_contacto, telefono, direccion1, direccion2, ciudad, region, pais, codigo_postal, id_empleado, limite_credito) values ('gocorrane0', 'Gualterio', 'O''Corrane', '308-841-7670', '445 Bowman Hill', 'Suite 68', 'Dashiren', 'CA-PE', 'China', 233421, 1, 1347.9);
insert into cliente (nombre_cliente, nombre_contacto, apellido_contacto, telefono, direccion1, direccion2, ciudad, region, pais, codigo_postal, id_empleado, limite_credito) values ('mlatter1', 'Marve', 'Latter', '834-451-0047', '57 Golf View Crossing', 'PO Box 24294', 'Nancy', 'FR-O', 'France', '54009', 2, 2143.38);
insert into cliente (nombre_cliente, nombre_contacto, apellido_contacto, telefono, direccion1, direccion2, ciudad, region, pais, codigo_postal, id_empleado, limite_credito) values ('mspellicy2', 'Maribelle', 'Spellicy', '411-734-3056', '92 Farwell Park', 'Room 1982', 'Fatuulan', 'CN-52', 'Indonesia', 43342, 3, 5417.82);
insert into cliente (nombre_cliente, nombre_contacto, apellido_contacto, telefono, direccion1, direccion2, ciudad, region, pais, codigo_postal, id_empleado, limite_credito) values ('jdeandisie3', 'Jervis', 'De Andisie', '532-445-6151', '79 Colorado Court', 'PO Box 70358', 'San Antonio', 'MY-12', 'Philippines', '6407', 4, 2334.25);
insert into cliente (nombre_cliente, nombre_contacto, apellido_contacto, telefono, direccion1, direccion2, ciudad, region, pais, codigo_postal, id_empleado, limite_credito) values ('abradick4', 'Aurora', 'Bradick', '228-919-6198', '0 Bartelt Court', 'Apt 1909', 'Miejsce Piastowe', 'MX-TAB', 'Poland', '38-430', 5, 1410.51);
insert into cliente (nombre_cliente, nombre_contacto, apellido_contacto, telefono, direccion1, direccion2, ciudad, region, pais, codigo_postal, id_empleado, limite_credito) values ('cshipman5', 'Charleen', 'Shipman', '948-406-6405', '9039 Del Sol Place', 'Suite 25', 'Chakaray', 'AU-NT', 'Afghanistan', 30049, 6, 9719.57);
insert into cliente (nombre_cliente, nombre_contacto, apellido_contacto, telefono, direccion1, direccion2, ciudad, region, pais, codigo_postal, id_empleado, limite_credito) values ('mgranger6', 'Mitchel', 'Granger', '988-380-0541', '0 Emmet Avenue', 'Room 903', 'Sterlibashevo', 'IN-MN', 'Russia', '453187', 7, 2927.64);
insert into cliente (nombre_cliente, nombre_contacto, apellido_contacto, telefono, direccion1, direccion2, ciudad, region, pais, codigo_postal, id_empleado, limite_credito) values ('ibiskupek7', 'Ileana', 'Biskupek', '314-337-0974', '115 Waxwing Circle', '19th Floor', 'Saint Louis', 'IR-25', 'United States', '63121', 8, 1911.31);
insert into cliente (nombre_cliente, nombre_contacto, apellido_contacto, telefono, direccion1, direccion2, ciudad, region, pais, codigo_postal, id_empleado, limite_credito) values ('gkinny8', 'Giuditta', 'Kinny', '555-436-6263', '17 Parkside Road', 'Suite 62', 'San Lorenzo', 'JP-39', 'Mexico', '56190', 9, 4629.77);
insert into cliente (nombre_cliente, nombre_contacto, apellido_contacto, telefono, direccion1, direccion2, ciudad, region, pais, codigo_postal, id_empleado, limite_credito) values ('gcranna9', 'Gan', 'Cranna', '961-329-4960', '73414 Park Meadow Way', 'Room 1716', 'Čair', 'PF-U-A', 'Macedonia', '1040', 10, 6408.41);
insert into cliente (nombre_cliente, nombre_contacto, apellido_contacto, telefono, direccion1, direccion2, ciudad, region, pais, codigo_postal, id_empleado, limite_credito) values ('lwicka', 'Lucy', 'Wick', '860-612-7482', '5551 Sheridan Alley', '15th Floor', 'North Perth', 'US-PA', 'Canada', '5600', 11, 5531.35);
insert into cliente (nombre_cliente, nombre_contacto, apellido_contacto, telefono, direccion1, direccion2, ciudad, region, pais, codigo_postal, id_empleado, limite_credito) values ('jropeb', 'Jarad', 'Rope', '628-138-5663', '965 Gale Lane', 'Room 1356', 'Paraíso', 'PF-U-A', 'Costa Rica', '30201', 12, 760.24);
insert into cliente (nombre_cliente, nombre_contacto, apellido_contacto, telefono, direccion1, direccion2, ciudad, region, pais, codigo_postal, id_empleado, limite_credito) values ('fregoc', 'Fabien', 'Rego', '212-700-7690', '0 Meadow Valley Road', 'PO Box 84615', 'Penamacor', 'GB-SCT', 'Portugal', '6090-511', 13, 9961.83);
insert into cliente (nombre_cliente, nombre_contacto, apellido_contacto, telefono, direccion1, direccion2, ciudad, region, pais, codigo_postal, id_empleado, limite_credito) values ('rcoulthardd', 'Rick', 'Coulthard', '172-854-0321', '0 Kingsford Alley', 'Room 49', 'Lionel Town', 'US-KY', 'Jamaica', 39994, 14, 8573.43);
insert into cliente (nombre_cliente, nombre_contacto, apellido_contacto, telefono, direccion1, direccion2, ciudad, region, pais, codigo_postal, id_empleado, limite_credito) values ('ldoylande', 'Leda', 'Doyland', '342-533-4307', '30 Ridgeway Center', 'Apt 644', 'Terawas', 'US-MS', 'Indonesia', 424323, 15, 3384.2);
insert into cliente (nombre_cliente, nombre_contacto, apellido_contacto, telefono, direccion1, direccion2, ciudad, region, pais, codigo_postal, id_empleado, limite_credito) values ('themmingwayf', 'Tonnie', 'Hemmingway', '859-481-4300', '97178 Golf View Trail', 'PO Box 6759', 'Zhongfan', 'US-KS', 'China', 909932, 16, 9391.72);
insert into cliente (nombre_cliente, nombre_contacto, apellido_contacto, telefono, direccion1, direccion2, ciudad, region, pais, codigo_postal, id_empleado, limite_credito) values ('kdolbeyg', 'Kacey', 'Dolbey', '696-504-3311', '99465 Spenser Way', 'PO Box 44384', 'Hongyi', 'PR-U-A', 'China', 87989, 17, 2217.2);
insert into cliente (nombre_cliente, nombre_contacto, apellido_contacto, telefono, direccion1, direccion2, ciudad, region, pais, codigo_postal, id_empleado, limite_credito) values ('myeellh', 'Maurits', 'Yeell', '600-104-1266', '4 3rd Crossing', 'Suite 75', 'Kozje', 'JP-02', 'Slovenia', '3260', 18, 829.72);
insert into cliente (nombre_cliente, nombre_contacto, apellido_contacto, telefono, direccion1, direccion2, ciudad, region, pais, codigo_postal, id_empleado, limite_credito) values ('ssmallcombi', 'Sondra', 'Smallcomb', '923-880-2134', '6004 Esker Alley', 'PO Box 24284', 'Porvenir', 'DZ-47', 'Uruguay', 23992, 19, 5250.29);
insert into cliente (nombre_cliente, nombre_contacto, apellido_contacto, telefono, direccion1, direccion2, ciudad, region, pais, codigo_postal, id_empleado, limite_credito) values ('bfreanj', 'Base', 'Frean', '395-713-8437', '69636 Cordelia Junction', 'PO Box 52376', 'Lajkovac', 'MG-F', 'Serbia', 242882, 20, 9279.75);

SELECT * FROM CLIENTE;

insert into gama (gama_perteneciente, descripcion, imagen) values 
	('Ornamentales', 'Hermosos arreglos decorativos con distintos tipos de plantas', 'ornamentales.png'),
    ('Arbustos', 'Arreglo y mantenimiento de arbustos', 'arbustos.jpg'),
    ('Arboles', 'Plantacion de arboles de distintos tipos', 'arbol.jpeg'),
    ('Fertilizante', 'Fertilizante para cualquier tipo de plantas', 'fertilizante.webp'),
    ('Aromaticas', 'Agradables plantas aromaticas', 'aromaticas.png');

SELECT * FROM GAMA;

-- producto
INSERT INTO producto (nombre_producto, gama_producto, dimensiones, proveedor, descripcion, cantidad_stock, precio_venta, precio_proveedor)
VALUES ('Rosa roja', 'Ornamentales', '30x30 cm', 'Floristería Flores', 'Hermosa rosa roja para decoración', 100, 10.99, 5.99);

INSERT INTO producto (nombre_producto, gama_producto, dimensiones, proveedor, descripcion, cantidad_stock, precio_venta, precio_proveedor)
VALUES ('Lilac Lilac', 'Arbustos', '50x50 cm', 'Vivero Verde', 'Lilac Lilac, ideal para jardines', 75, 12.99, 7.99);

INSERT INTO producto (nombre_producto, gama_producto, dimensiones, proveedor, descripcion, cantidad_stock, precio_venta, precio_proveedor)
VALUES ('Pino Pine', 'Arboles', '150x150 cm', 'Vivero Grande', 'Pino Pine, perfecto para sombra', 50, 39.99, 24.99);

INSERT INTO producto (nombre_producto, gama_producto, dimensiones, proveedor, descripcion, cantidad_stock, precio_venta, precio_proveedor)
VALUES ('Fertilizante NutriGrow', 'Fertilizante', NULL, 'Agroquímicos S.A.', 'NutriGrow, enriquece el suelo', 200, 7.99, 4.99);

INSERT INTO producto (nombre_producto, gama_producto, dimensiones, proveedor, descripcion, cantidad_stock, precio_venta, precio_proveedor)
VALUES ('Menta Fresca', 'Aromaticas', '20x20 cm', 'Herbolaria Aromas', 'Menta fresca para infusiones', 150, 3.99, 2.49);

INSERT INTO producto (nombre_producto, gama_producto, dimensiones, proveedor, descripcion, cantidad_stock, precio_venta, precio_proveedor)
VALUES ('Dalia Amarilla', 'Ornamentales', '40x40 cm', 'Jardines Elegantes', 'Dalia amarilla de alta calidad', 80, 14.99, 9.99);

INSERT INTO producto (nombre_producto, gama_producto, dimensiones, proveedor, descripcion, cantidad_stock, precio_venta, precio_proveedor)
VALUES ('Hortensia Rosada', 'Arbustos', '60x60 cm', 'Vivero Colorido', 'Hortensia rosada para paisajismo', 60, 19.99, 12.99);

INSERT INTO producto (nombre_producto, gama_producto, dimensiones, proveedor, descripcion, cantidad_stock, precio_venta, precio_proveedor)
VALUES ('Roble Robusto', 'Arboles', '200x200 cm', 'Bosques Verdes', 'Roble resistente y frondoso', 40, 59.99, 39.99);

INSERT INTO producto (nombre_producto, gama_producto, dimensiones, proveedor, descripcion, cantidad_stock, precio_venta, precio_proveedor)
VALUES ('Fertilizante Orgánico', 'Fertilizante', NULL, 'EcoGarden', 'Fertilizante natural para plantas', 120, 9.99, 6.99);

INSERT INTO producto (nombre_producto, gama_producto, dimensiones, proveedor, descripcion, cantidad_stock, precio_venta, precio_proveedor)
VALUES ('Lavanda Perfumada', 'Aromaticas', '30x30 cm', 'Aromas Delicados', 'Lavanda para aromaterapia', 90, 5.99, 3.49);

INSERT INTO producto (nombre_producto, gama_producto, dimensiones, proveedor, descripcion, cantidad_stock, precio_venta, precio_proveedor)
VALUES ('Azalea Blanca', 'Ornamentales', '45x45 cm', 'Flores Blancas', 'Azalea blanca de gran belleza', 70, 17.99, 11.99);

INSERT INTO producto (nombre_producto, gama_producto, dimensiones, proveedor, descripcion, cantidad_stock, precio_venta, precio_proveedor)
VALUES ('Camelia Rosa', 'Arbustos', '55x55 cm', 'Jardines Elegantes', 'Camelia rosa para jardines', 55, 18.99, 13.99);

INSERT INTO producto (nombre_producto, gama_producto, dimensiones, proveedor, descripcion, cantidad_stock, precio_venta, precio_proveedor)
VALUES ('Pino Piñonero', 'Arboles', '180x180 cm', 'Vivero Grande', 'Pino piñonero para conos', 35, 64.99, 42.99);

INSERT INTO producto (nombre_producto, gama_producto, dimensiones, proveedor, descripcion, cantidad_stock, precio_venta, precio_proveedor)
VALUES ('Fertilizante NPK', 'Fertilizante', NULL, 'AgroSuministros', 'Fertilizante equilibrado', 150, 6.99, 4.49);

INSERT INTO producto (nombre_producto, gama_producto, dimensiones, proveedor, descripcion, cantidad_stock, precio_venta, precio_proveedor)
VALUES ('Romero Fresco', 'Aromaticas', '25x25 cm', 'Herbolaria Aromas', 'Romero fresco para cocina', 120, 4.49, 2.99);

SELECT * FROM producto;

-- pedido

insert into pedidos (fecha_pedido, fecha_esperada, fecha_entrega, estado, comentarios, id_Cliente) values ('2008-05-30', '2007-03-05', '2008-05-26', 'en camino', null, 2);
insert into pedidos (fecha_pedido, fecha_esperada, fecha_entrega, estado, comentarios, id_Cliente) values ('2008-03-07', '2008-02-27', '2009-05-08', 'entregado', 'pedido5', 3);
insert into pedidos (fecha_pedido, fecha_esperada, fecha_entrega, estado, comentarios, id_Cliente) values ('2007-12-18', '2006-12-26', '2007-10-21', 'entregado', null, 4);
insert into pedidos (fecha_pedido, fecha_esperada, fecha_entrega, estado, comentarios, id_Cliente) values ('2007-01-30', '2009-06-08', '2006-11-21', 'en camino', null, 5);
insert into pedidos (fecha_pedido, fecha_esperada, fecha_entrega, estado, comentarios, id_Cliente) values ('2006-11-19', '2008-10-24', '2007-10-28', 'en camino', null, 6);
insert into pedidos (fecha_pedido, fecha_esperada, fecha_entrega, estado, comentarios, id_Cliente) values ('2007-10-30', '2009-07-28', '2006-10-22', 'en camino', null, 7);
insert into pedidos (fecha_pedido, fecha_esperada, fecha_entrega, estado, comentarios, id_Cliente) values ('2009-01-22', '2006-09-19', '2007-10-15', 'entregado', 'pedido8', 8);
insert into pedidos (fecha_pedido, fecha_esperada, fecha_entrega, estado, comentarios, id_Cliente) values ('2008-04-09', '2007-07-21', '2007-07-10', 'entregado', null, 9);
insert into pedidos (fecha_pedido, fecha_esperada, fecha_entrega, estado, comentarios, id_Cliente) values ('2009-01-28', '2007-05-31', '2006-11-08', 'en camino', null, 10);
insert into pedidos (fecha_pedido, fecha_esperada, fecha_entrega, estado, comentarios, id_Cliente) values ('2007-08-08', '2009-04-19', '2009-04-12', 'entregado', 'pedido11', 11);
insert into pedidos (fecha_pedido, fecha_esperada, fecha_entrega, estado, comentarios, id_Cliente) values ('2007-04-12', '2007-10-26', '2007-03-13', 'entregado', 'pedido12', 12);
insert into pedidos (fecha_pedido, fecha_esperada, fecha_entrega, estado, comentarios, id_Cliente) values ('2009-05-07', '2007-03-04', '2007-12-04', 'entregado', 'descripcion pedido', 13);
insert into pedidos (fecha_pedido, fecha_esperada, fecha_entrega, estado, comentarios, id_Cliente) values ('2007-07-24', '2008-06-28', '2008-07-07', 'entregado', null, 14);
insert into pedidos (fecha_pedido, fecha_esperada, fecha_entrega, estado, comentarios, id_Cliente) values ('2008-06-22', '2007-02-06', '2007-10-29', 'en camino', null, 15);
insert into pedidos (fecha_pedido, fecha_esperada, fecha_entrega, estado, comentarios, id_Cliente) values ('2008-05-16', '2007-12-21', '2007-03-10', 'en camino', 'pedido descripcion', 16);
insert into pedidos (fecha_pedido, fecha_esperada, fecha_entrega, estado, comentarios, id_Cliente) values ('2009-01-04', '2008-12-12', '2008-07-27', 'en camino', null, 17);
insert into pedidos (fecha_pedido, fecha_esperada, fecha_entrega, estado, comentarios, id_Cliente) values ('2009-08-01', '2007-08-18', '2008-12-02', 'entregado', 'pedido entregado instantanamente', 18);
insert into pedidos (fecha_pedido, fecha_esperada, fecha_entrega, estado, comentarios, id_Cliente) values ('2006-10-26', '2009-01-06', '2008-03-03', 'entregado', null, 19);
insert into pedidos (fecha_pedido, fecha_esperada, fecha_entrega, estado, comentarios, id_Cliente) values ('2009-06-26', '2007-08-14', '2009-05-05', 'en camino', null, 20);
insert into pedidos (fecha_pedido, fecha_esperada, fecha_entrega, estado, comentarios, id_Cliente) values ('2007-11-28', '2007-12-11', '2008-03-20', 'entregado', 'pedido1', 21);

SELECT * FROM PEDIDOS;

-- pagos

insert into pagos (forma_pago, fecha_pago, total_pago, cliente_codigo) values ('efectivo', '2008-07-30', 513.96, 2);
insert into pagos (forma_pago, fecha_pago, total_pago, cliente_codigo) values ('efectivo', '2008-08-20', 748.53, 3);
insert into pagos (forma_pago, fecha_pago, total_pago, cliente_codigo) values ('efectivo', '2008-01-08', 345.7, 4);
insert into pagos (forma_pago, fecha_pago, total_pago, cliente_codigo) values ('efectivo', '2008-11-13', 857.17, 5);
insert into pagos (forma_pago, fecha_pago, total_pago, cliente_codigo) values ('tarjeta de crédito', '2007-08-01', 955.97, 6);
insert into pagos (forma_pago, fecha_pago, total_pago, cliente_codigo) values ('efectivo', '2008-05-27', 382.62, 7);
insert into pagos (forma_pago, fecha_pago, total_pago, cliente_codigo) values ('transferencia bancaria', '2009-02-27', 522.23, 8);
insert into pagos (forma_pago, fecha_pago, total_pago, cliente_codigo) values ('cheque', '2006-09-16', 97.39, 9);
insert into pagos (forma_pago, fecha_pago, total_pago, cliente_codigo) values ('cheque', '2009-04-13', 790.55, 10);
insert into pagos (forma_pago, fecha_pago, total_pago, cliente_codigo) values ('efectivo', '2006-12-27', 929.26, 11);
insert into pagos (forma_pago, fecha_pago, total_pago, cliente_codigo) values ('cheque', '2007-04-28', 491.53, 12);
insert into pagos (forma_pago, fecha_pago, total_pago, cliente_codigo) values ('transferencia bancaria', '2007-10-28', 912.38, 13);
insert into pagos (forma_pago, fecha_pago, total_pago, cliente_codigo) values ('efectivo', '2007-05-25', 765.32, 14);
insert into pagos (forma_pago, fecha_pago, total_pago, cliente_codigo) values ('transferencia bancaria', '2007-11-03', 917.68, 15);
insert into pagos (forma_pago, fecha_pago, total_pago, cliente_codigo) values ('transferencia bancaria', '2008-09-17', 950.01, 16);
insert into pagos (forma_pago, fecha_pago, total_pago, cliente_codigo) values ('efectivo', '2008-06-13', 427.15, 17);
insert into pagos (forma_pago, fecha_pago, total_pago, cliente_codigo) values ('cheque', '2007-07-22', 162.86, 18);
insert into pagos (forma_pago, fecha_pago, total_pago, cliente_codigo) values ('cheque', '2009-01-01', 700.72, 19);
insert into pagos (forma_pago, fecha_pago, total_pago, cliente_codigo) values ('efectivo', '2007-12-15', 352.7, 20);
insert into pagos (forma_pago, fecha_pago, total_pago, cliente_codigo) values ('transferencia bancaria', '2008-01-18', 384.15, 21);

SELECT * FROM PAGOS;

SELECT * FROM PEDIDOS;
SELECT * FROM PRODUCTO;
SELECT * FROM CLIENTE;


-- informacion

insert into informacion_pedido (id_pedido, id_producto, codigo_cliente, cantidad, precio_unidad, precio_total) values (3, 3, 3, 49, 675.42, 944.91);
insert into informacion_pedido (id_pedido, id_producto, codigo_cliente, cantidad, precio_unidad, precio_total) values (4, 2, 4, 25, 237.42, 451.9);
insert into informacion_pedido (id_pedido, id_producto, codigo_cliente, cantidad, precio_unidad, precio_total) values (5, 3, 5, 6, 946.9, 477.79);
insert into informacion_pedido (id_pedido, id_producto, codigo_cliente, cantidad, precio_unidad, precio_total) values (6, 5, 6, 78, 75.61, 873.85);
insert into informacion_pedido (id_pedido, id_producto, codigo_cliente, cantidad, precio_unidad, precio_total) values (7, 5, 7, 90, 696.07, 722.0);
insert into informacion_pedido (id_pedido, id_producto, codigo_cliente, cantidad, precio_unidad, precio_total) values (8, 6, 8, 20, 438.4, 778.7);
insert into informacion_pedido (id_pedido, id_producto, codigo_cliente, cantidad, precio_unidad, precio_total) values (9, 8, 9, 3, 909.79, 220.33);
insert into informacion_pedido (id_pedido, id_producto, codigo_cliente, cantidad, precio_unidad, precio_total) values (10, 8, 10, 70, 754.33, 118.58);
insert into informacion_pedido (id_pedido, id_producto, codigo_cliente, cantidad, precio_unidad, precio_total) values (11, 10, 11, 3, 162.64, 58.54);
insert into informacion_pedido (id_pedido, id_producto, codigo_cliente, cantidad, precio_unidad, precio_total) values (12, 1, 12, 5, 523.69, 601.86);
insert into informacion_pedido (id_pedido, id_producto, codigo_cliente, cantidad, precio_unidad, precio_total) values (13, 2, 13, 9, 268.17, 997.59);
insert into informacion_pedido (id_pedido, id_producto, codigo_cliente, cantidad, precio_unidad, precio_total) values (14, 3, 14, 37, 296.32, 121.01);
insert into informacion_pedido (id_pedido, id_producto, codigo_cliente, cantidad, precio_unidad, precio_total) values (15, 5, 15, 79, 277.65, 146.27);
insert into informacion_pedido (id_pedido, id_producto, codigo_cliente, cantidad, precio_unidad, precio_total) values (16, 5, 16, 23, 859.38, 396.58);
insert into informacion_pedido (id_pedido, id_producto, codigo_cliente, cantidad, precio_unidad, precio_total) values (17, 6, 17, 54, 170.31, 86.25);
insert into informacion_pedido (id_pedido, id_producto, codigo_cliente, cantidad, precio_unidad, precio_total) values (18, 3, 18, 2, 814.65, 870.43);
insert into informacion_pedido (id_pedido, id_producto, codigo_cliente, cantidad, precio_unidad, precio_total) values (19, 8, 19, 67, 124.52, 59.89);
insert into informacion_pedido (id_pedido, id_producto, codigo_cliente, cantidad, precio_unidad, precio_total) values (20, 9, 20, 55, 599.06, 206.21);
insert into informacion_pedido (id_pedido, id_producto, codigo_cliente, cantidad, precio_unidad, precio_total) values (21, 10, 21, 65, 303.97, 434.89);
insert into informacion_pedido (id_pedido, id_producto, codigo_cliente, cantidad, precio_unidad, precio_total) values (22, 1, 2, 21, 130.65, 866.25);

SELECT * FROM informacion_pedido;